AthleteID,AthleteName,Gender,Birthday,CountryId
1,Fitzgerald Nichols,Kameko Daniel,"Aug 20, 2024",152
2,Maris Jacobson,Dale Valdez,"Dec 11, 2025",129
3,Emmanuel Cooper,Dahlia Kramer,"Feb 3, 2026",68
4,Arthur May,Dai Williamson,"Dec 30, 2025",208
5,Joshua Hamilton,Rylee Randolph,"Apr 9, 2024",91
6,Desirae Sherman,Elvis Larsen,"Jun 14, 2025",374
7,Maggie Blackwell,Malcolm Martin,"Apr 3, 2025",80
8,Lareina Espinoza,Blaze Gross,"May 15, 2024",239
9,Conan Christian,Desirae Greer,"Jul 20, 2024",290
10,Xandra Torres,Vincent James,"Apr 30, 2025",259
11,Hamish Bowers,Danielle Stanley,"Sep 15, 2025",373
12,Catherine Sawyer,Xenos Lowery,"Sep 2, 2024",2
13,Nolan Wallace,Gemma Kennedy,"Jan 6, 2025",384
14,Murphy Horn,Arden Miller,"Jan 29, 2026",240
15,Armand Foster,Bo Holt,"Feb 27, 2025",363
16,Francis Brady,Lunea Wolf,"Feb 11, 2026",116
17,Dale Sheppard,Shad Franklin,"Jan 16, 2026",72
18,Chester Aguirre,Alec Giles,"Nov 18, 2024",52
19,Deborah William,Alden Hill,"Oct 10, 2024",371
20,Vaughan Love,Rooney Munoz,"May 3, 2025",34
21,Mason Wilkins,India Mcfadden,"Feb 9, 2025",339
22,Tanner Ferguson,Dana Harding,"Jun 15, 2025",174
23,Mohammad Dunlap,Aurelia Patterson,"Jan 21, 2026",182
24,Wade Parsons,Kay Chen,"Apr 25, 2025",98
25,Francesca Sheppard,Herrod Kim,"Nov 16, 2025",158
26,Ria Weaver,Simone Mcconnell,"Apr 15, 2024",128
27,Keaton Vazquez,Helen Hoover,"Sep 10, 2025",280
28,Sage Fulton,Ramona Diaz,"Aug 22, 2024",352
29,Rylee Parks,Jolie Jimenez,"Oct 5, 2025",141
30,Ashton Daugherty,Quinn Becker,"Feb 17, 2025",226
31,Benedict Pace,Xena Boyd,"Oct 15, 2024",56
32,Giselle Decker,Tanya Davenport,"Nov 14, 2024",70
33,Mara Mueller,Hollee Gomez,"May 6, 2025",128
34,Finn Velez,Acton O'Neill,"Dec 22, 2025",57
35,Hillary Nguyen,Sheila Owens,"Mar 27, 2025",160
36,Elton Curtis,Merritt Williams,"Jul 7, 2025",312
37,Travis Robinson,Cheyenne Raymond,"Sep 25, 2025",392
38,Dexter Gould,Martena Rosa,"Jan 26, 2025",222
39,Olympia Woods,Malik Shaffer,"Jan 7, 2026",269
40,Demetrius Floyd,Murphy Gibbs,"Apr 21, 2024",131
41,Calvin Pittman,Raymond Walters,"Dec 31, 2025",160
42,Burton Allen,Kenneth Mcleod,"Dec 25, 2025",142
43,Chester Snyder,Micah Todd,"May 26, 2025",210
44,Coby Beasley,Riley Vaughan,"Oct 2, 2025",140
45,Kirsten Rodgers,Rama Gonzalez,"May 21, 2025",142
46,Jolie Burke,Hanae Clayton,"Sep 21, 2025",105
47,Nelle Warren,Philip Fitzgerald,"Jun 10, 2025",101
48,Burton Hampton,Hector Bell,"Apr 8, 2024",370
49,Ethan Spencer,Alexandra Flores,"Jul 22, 2024",50
50,Palmer Conley,Ulla Levine,"Jan 12, 2025",319
51,Chava Roberson,Rachel Valenzuela,"Aug 18, 2025",87
52,Thomas Rosales,Giacomo Lewis,"Jan 10, 2026",298
53,Quynn Head,Basil Luna,"Mar 8, 2025",112
54,Shaeleigh Tyler,Oliver Bailey,"Nov 10, 2024",327
55,Melanie Warren,Eaton Castro,"Mar 7, 2025",214
56,Connor Berg,Aidan Holcomb,"Sep 9, 2024",297
57,Brenden Benton,Rigel Gill,"Jan 25, 2025",349
58,Abigail Gilmore,Garrett Sanchez,"Dec 19, 2025",3
59,Acton Wilkins,Sydnee Woods,"Jul 8, 2025",244
60,Holly Wong,Fitzgerald Todd,"Jun 3, 2025",318
61,Zeus Garrett,Samson Brown,"Jan 9, 2026",273
62,Melanie Mccoy,Hedwig Mccullough,"Sep 7, 2024",283
63,Lester Beach,Walter Knox,"Dec 15, 2025",123
64,Colby Beck,Jaquelyn Tate,"Jul 30, 2024",96
65,Joelle Gibson,Dara Craig,"Sep 25, 2025",277
66,Mollie Ingram,Cameron Spears,"May 10, 2025",270
67,Chase Mcpherson,Cairo Evans,"Mar 13, 2025",178
68,Lynn Williams,Ferdinand Burks,"Sep 18, 2025",342
69,Odysseus Ortega,Tana England,"Feb 7, 2026",272
70,Rana Hodge,Isaac Cote,"Aug 7, 2024",337
71,Jaquelyn Fields,Jaden Martin,"Apr 13, 2025",122
72,Ryder Beck,Moses Berger,"May 23, 2024",191
73,Heather Ingram,Winifred Villarreal,"Apr 30, 2024",262
74,Halla Richardson,Uta Leblanc,"Aug 7, 2025",213
75,Yetta Rodriquez,Emerald Rodriquez,"Apr 16, 2025",399
76,Madison Campos,Wylie Price,"Mar 3, 2026",71
77,Chandler Sharpe,Aspen Foster,"Oct 12, 2025",221
78,Sean Castaneda,Plato Wynn,"Apr 16, 2025",383
79,Leo Stark,Miriam Paul,"May 17, 2024",187
80,Iona Marquez,Dean Marks,"Jun 20, 2024",284
81,Bernard Lyons,Sonia Reilly,"May 19, 2025",174
82,Ann Dillard,Geoffrey Knight,"Sep 28, 2025",145
83,Belle Francis,Jelani Ferguson,"May 22, 2024",107
84,Serina Palmer,Fay Hoover,"Oct 4, 2025",24
85,Jada Sandoval,Joy Owen,"Aug 9, 2024",135
86,Hu Hale,Hector Lee,"Jun 9, 2025",309
87,William Clemons,Warren Bowen,"Mar 12, 2026",356
88,Ulric Donaldson,Kasimir Rich,"Jun 13, 2025",312
89,Anjolie Hahn,Cruz Jimenez,"Aug 22, 2024",102
90,Fay Mcconnell,Velma Garrett,"Dec 28, 2024",23
91,Driscoll O'Neill,Gay Bridges,"Oct 12, 2024",54
92,Ira Brock,Erich Langley,"Dec 3, 2025",74
93,Madison Ford,Hyatt Roman,"May 10, 2024",293
94,Coby Davenport,Demetrius Farmer,"May 19, 2025",183
95,Cameron Griffith,Len Glover,"Apr 17, 2024",94
96,Tobias May,Genevieve Estes,"Jul 13, 2025",78
97,Raja Stafford,Lunea Small,"Feb 1, 2025",384
98,Prescott Kane,Medge Rosales,"Nov 12, 2024",173
99,Winter Reid,Zahir Rojas,"Nov 10, 2024",111
100,Noel Bishop,James Sims,"Jun 11, 2024",285
101,Isadora Santos,Baxter Carpenter,"Sep 26, 2024",312
102,Heidi Clark,Russell Livingston,"Mar 26, 2025",197
103,Bruce Barrett,Kermit Adkins,"Dec 27, 2024",222
104,Serina Travis,Sawyer Valdez,"Jun 18, 2025",191
105,Jamalia Craig,Steel Dixon,"Feb 20, 2025",182
106,Travis Raymond,Jayme Fuller,"Jan 30, 2026",196
107,Jesse Solomon,Tarik Blackwell,"Apr 13, 2024",67
108,Ursa Knox,Porter Doyle,"Feb 3, 2025",317
109,Fredericka Rivers,Madonna Pena,"Apr 27, 2025",140
110,Austin Whitehead,Henry Fernandez,"Nov 25, 2024",235
111,Stella Mccormick,Holmes Horne,"Apr 12, 2025",312
112,James Simon,Malachi Battle,"Feb 3, 2025",332
113,Owen Simpson,Akeem Elliott,"Sep 19, 2024",251
114,Cody Swanson,Zelda Anthony,"May 23, 2024",162
115,Nelle Norman,Owen Tyler,"Nov 17, 2024",312
116,Keegan Moody,Arden Simon,"Oct 27, 2025",235
117,Upton Garner,Martin Olsen,"May 7, 2024",202
118,Nolan Wood,Melvin Welch,"Oct 12, 2024",146
119,Cathleen Hooper,Charissa Schneider,"Apr 18, 2025",228
120,Hanna Rice,Reuben Owen,"Jan 15, 2025",257
121,Pandora Walsh,Shad Dillon,"Oct 29, 2025",22
122,Kylan Randolph,Jelani Ferrell,"Sep 22, 2024",362
123,Xantha Henson,Vladimir Vance,"Sep 21, 2024",70
124,Alan Cole,Angela Mcdowell,"Sep 10, 2024",100
125,Herrod Sherman,Maya Wong,"Jul 24, 2024",223
126,Beau Todd,Dominique Murray,"Sep 13, 2024",236
127,Aiko Richmond,Ima Ryan,"Mar 7, 2025",141
128,Nolan Marsh,Jillian Long,"Nov 4, 2025",14
129,Carla Vance,Stella Calderon,"Dec 18, 2025",94
130,Garth Harding,Brody Suarez,"Jan 31, 2025",192
131,Brett Cross,Logan May,"Jan 11, 2025",153
132,Alan Frederick,Justin Williams,"Jul 26, 2025",86
133,Dante Blackburn,Peter Monroe,"Apr 20, 2025",46
134,Dane Leblanc,Oprah Henson,"Aug 7, 2024",171
135,Brenden Delgado,Nichole Robles,"May 10, 2024",385
136,Chancellor Joseph,Sara Payne,"Nov 6, 2024",279
137,Benedict Vance,Isabelle Watkins,"Dec 12, 2024",249
138,Dacey Gaines,Dane Hammond,"Aug 25, 2025",167
139,Rogan Huber,Macon Bruce,"Mar 1, 2025",5
140,Dawn Good,Iris Shaw,"Apr 11, 2025",302
141,TaShya Weiss,Sigourney Stevenson,"Dec 30, 2024",6
142,Bree Marsh,Xyla Smith,"Aug 26, 2025",149
143,Farrah Weiss,Jada Dale,"Jan 19, 2025",96
144,Alexander Bernard,Kasimir Francis,"Nov 20, 2024",280
145,Vielka Trujillo,Mercedes Boyd,"Jun 30, 2025",91
146,Cade Barber,Martena Porter,"Jun 2, 2025",362
147,Ava Pearson,Genevieve Stewart,"Oct 17, 2024",230
148,Kennan Barrett,Carson Hess,"May 12, 2024",51
149,Adrian Steele,Kristen Acosta,"Jan 17, 2026",8
150,Edward Mckee,Owen Santos,"Sep 30, 2025",128
151,Katelyn Castillo,Shay Mcconnell,"May 6, 2025",354
152,Blythe Armstrong,Genevieve Stephenson,"Nov 24, 2024",150
153,Joy Mcpherson,Kamal Whitehead,"Dec 17, 2024",312
154,Octavius Carey,Denise Bush,"May 28, 2025",153
155,Brenda Moreno,Liberty Velez,"Jan 3, 2026",90
156,Oscar Hernandez,Jane Livingston,"Jun 23, 2024",317
157,Elaine Jacobson,Gary Noble,"Jan 13, 2026",10
158,Abraham Ellison,Tyler Tanner,"Nov 30, 2024",400
159,Kyle Collins,Louis Monroe,"Jan 4, 2025",141
160,Cole Benton,Octavius Powell,"Nov 29, 2024",234
161,Zoe Watkins,Kiara Waller,"Jul 31, 2024",374
162,Irma Ray,Rogan Norman,"Jul 17, 2025",112
163,Michael Ellis,Flavia Carr,"Jun 30, 2024",237
164,Amena Finley,Ciaran Jensen,"Jan 18, 2025",4
165,Arden Lott,Porter Morrow,"Jul 25, 2024",224
166,Fallon Stanton,Leo Bartlett,"Nov 21, 2025",382
167,Leslie Martinez,Kelsey Zamora,"Dec 3, 2024",22
168,Amanda Henson,Darius Ruiz,"Jul 6, 2024",210
169,Phelan Callahan,Logan Hays,"Aug 11, 2024",132
170,Darius Ferrell,Sybill Galloway,"Nov 26, 2024",329
171,Tucker Bowman,Lev Aguilar,"Nov 8, 2024",151
172,Austin Bryant,Harlan Eaton,"Apr 23, 2025",383
173,Dominic Downs,Ebony Bradford,"May 10, 2025",268
174,Coby Maxwell,Roary Clark,"May 1, 2025",51
175,Judith Silva,Ciaran Vasquez,"Sep 27, 2025",296
176,Knox Holland,Gloria Walter,"Jan 10, 2026",195
177,May Cote,Timon Kelly,"Oct 19, 2025",295
178,Hasad Vargas,Alisa Hopper,"Feb 21, 2026",332
179,Christian Serrano,Steel Herman,"Mar 28, 2025",101
180,Salvador Park,Emery Donovan,"Oct 20, 2025",264
181,Raymond Nelson,Wayne Aguilar,"Oct 2, 2024",234
182,Melanie Joyner,Ulysses Hansen,"Aug 9, 2025",24
183,Azalia Vazquez,Colin Potter,"Jun 30, 2024",226
184,Rigel Zamora,Stephen Hicks,"Feb 22, 2026",239
185,Christen Jimenez,Inez Cochran,"Apr 5, 2024",215
186,Hammett Wells,Winter James,"Apr 21, 2025",178
187,Abraham Aguirre,Troy Kane,"Oct 22, 2024",36
188,Allen Wells,Frances Randall,"Aug 21, 2024",214
189,Samuel Davis,Elizabeth Robinson,"Mar 7, 2026",137
190,Ulysses Stafford,Jade Cross,"Oct 25, 2024",222
191,Madison Ewing,Kimberly Park,"Sep 17, 2024",71
192,Kellie Ayala,Brian Miller,"Aug 28, 2025",299
193,Jade Erickson,Amanda Stark,"Sep 10, 2024",11
194,Hilda Hardy,Beck Raymond,"Dec 4, 2024",158
195,Nina Hart,Regina Mack,"Mar 21, 2026",72
196,Gillian Simon,Ariel Mcdaniel,"Aug 6, 2024",213
197,Reuben Wood,Alyssa Peck,"Jul 22, 2025",374
198,Jack Warner,Ivy Mcgowan,"Mar 25, 2025",41
199,Mufutau Frank,Cyrus Martinez,"Apr 2, 2025",132
200,Lois Ramsey,Rebecca Brooks,"Aug 14, 2025",196
201,Tiger Knox,Cruz Hartman,"Aug 4, 2024",347
202,Dane Graves,Haviva Ayala,"Nov 28, 2025",209
203,Dana Sims,Cyrus Boyd,"Apr 26, 2025",376
204,Scott Leach,Stuart Yates,"Apr 10, 2024",278
205,Nigel Pearson,Mufutau Talley,"Oct 31, 2024",241
206,Brennan Preston,Dolan Carver,"Apr 15, 2024",343
207,Zephr Sampson,Luke Mayer,"May 16, 2024",147
208,Yvette Weaver,Dorian Day,"Sep 16, 2025",379
209,Amaya Alvarez,Yolanda Lopez,"Nov 4, 2024",400
210,Charissa Woodward,Mary Lopez,"Oct 27, 2024",129
211,Lydia Avery,Nathaniel Mcfadden,"Jan 27, 2025",221
212,Ethan Walsh,Dahlia Todd,"Oct 5, 2025",256
213,Brennan Hatfield,Susan May,"May 1, 2024",173
214,Rylee Wheeler,Arsenio Mcfarland,"Feb 21, 2025",157
215,Melodie Baxter,Rowan Terrell,"Nov 5, 2024",256
216,Emerald Young,Sade Hayes,"Feb 10, 2026",177
217,Marah Guzman,Vincent Langley,"Oct 8, 2024",292
218,Patricia Cabrera,Zephania Donovan,"Sep 25, 2025",82
219,Odysseus Marks,Hermione Sandoval,"Jan 13, 2026",343
220,Jarrod Carney,Gretchen Greene,"Dec 2, 2025",397
221,Igor Knight,Craig Dickson,"Dec 8, 2025",273
222,Ria Cooley,Bradley Bean,"Oct 24, 2024",99
223,Reese Barker,Abigail Reeves,"May 25, 2024",380
224,Lysandra Jennings,Giacomo Fuentes,"May 22, 2024",387
225,Bruno Frye,Adrienne Duke,"Mar 18, 2025",226
226,Alana Nicholson,Akeem Golden,"Oct 22, 2024",261
227,Eagan Salazar,Cally Harrell,"Jan 13, 2026",134
228,Camille Moses,Maia Fowler,"Oct 30, 2025",311
229,Kasimir Wilkins,Malcolm Mays,"Aug 9, 2024",27
230,Christian Sweeney,Thane Warren,"Jan 18, 2026",369
231,Gray Rocha,Kevin Curry,"Oct 25, 2024",278
232,Jayme Rose,Lamar Perry,"Jan 4, 2025",46
233,Acton Clarke,Isaac George,"Nov 26, 2025",150
234,April Parker,Jarrod Dennis,"Oct 18, 2024",7
235,Mikayla Mcguire,Arden Wells,"Nov 25, 2025",202
236,Dylan Irwin,Cullen Johnson,"Apr 30, 2024",279
237,Imani Jimenez,Kuame Gillespie,"Oct 2, 2024",117
238,Jordan Miles,Ahmed Santiago,"Oct 1, 2024",97
239,Jaden Rowe,Brody Caldwell,"Jun 13, 2025",81
240,Charissa Wilson,Barrett Barber,"Mar 27, 2026",199
241,Jessica Ewing,Shea Wilcox,"Dec 9, 2024",150
242,Howard Martin,Lee Kinney,"Jun 9, 2025",176
243,Adrienne Whitney,Allegra Stanley,"Oct 9, 2025",265
244,Chandler Maddox,Dominique Downs,"Aug 29, 2024",333
245,Griffin May,Anika Alvarado,"Jun 6, 2024",97
246,Benjamin Byrd,Kevyn Mercado,"Jul 26, 2024",360
247,Alea Bruce,Baker Dillard,"Mar 5, 2025",207
248,Timothy Figueroa,Quinn Daugherty,"Oct 9, 2025",126
249,Solomon Cooke,Carla Velazquez,"May 12, 2024",20
250,Bertha Cash,Peter Cleveland,"Jul 21, 2025",213
251,Yoko Mcconnell,Macon Rivers,"Apr 18, 2024",124
252,Xander Weaver,Rashad Lloyd,"Jun 2, 2025",130
253,Raven Buckner,Quemby Palmer,"Jan 10, 2025",184
254,Quintessa Mathews,Melyssa Bolton,"Feb 22, 2026",24
255,Derek Delacruz,Montana Sargent,"Aug 11, 2024",148
256,Nero York,Timothy House,"Mar 23, 2025",364
257,Rafael Stephens,Odette Flores,"Oct 20, 2025",277
258,Joy Patel,Dorian Velazquez,"Aug 17, 2025",179
259,Vincent Ellis,Chastity Gay,"Mar 2, 2026",75
260,Jennifer Rivera,Camilla Finch,"Oct 14, 2024",338
261,Lamar Acevedo,Timothy Whitehead,"Dec 29, 2025",153
262,Ivana Bush,Kathleen Cummings,"Jan 20, 2026",33
263,Yolanda Fisher,Knox Burns,"Jun 26, 2024",22
264,Levi Lamb,Nash Lynch,"Jun 22, 2024",203
265,Rhea Levy,Jacob Carter,"May 19, 2024",253
266,Jared Patton,Kelly Frank,"Aug 8, 2024",283
267,Kylan Harris,Georgia Morrow,"Jun 18, 2024",384
268,September Wilkinson,Liberty Montgomery,"Apr 1, 2025",108
269,Bruce Payne,Brett Carr,"Jun 2, 2025",57
270,India Holden,Silas Mccormick,"Jun 20, 2025",90
271,Leilani Leon,Knox Goodwin,"Mar 2, 2026",114
272,Kessie Pickett,Clinton Cash,"Nov 23, 2025",353
273,Chancellor Combs,Vernon Richardson,"Feb 4, 2026",51
274,Jana Solis,Iliana Hopkins,"Jan 17, 2026",27
275,Piper Vance,Shay Wall,"Apr 14, 2025",376
276,Merritt Glass,Hillary Mayer,"Jan 25, 2026",343
277,Orson Davidson,Amery Sosa,"Oct 2, 2025",276
278,Lee Webb,Nayda Harris,"May 17, 2024",32
279,Kaitlin Albert,Ava Chen,"Jul 27, 2024",10
280,Neve Bowers,Shaeleigh Walker,"Apr 11, 2024",296
281,Anastasia Wallace,Wyoming Robles,"Jan 22, 2026",236
282,Mohammad Holden,Alexa Keller,"Mar 21, 2026",360
283,Piper Benson,Rebecca Medina,"Jan 9, 2026",146
284,Rose Wilson,Garrison House,"Mar 12, 2025",376
285,Ramona Jenkins,Kasimir Buchanan,"Apr 22, 2025",378
286,Winter Wooten,Fuller Pitts,"Nov 14, 2024",262
287,Gavin Calhoun,Ignacia Garcia,"May 11, 2025",265
288,Kibo Gilbert,Evelyn Graham,"Sep 11, 2025",166
289,Dexter Holman,David Gibbs,"Apr 5, 2025",13
290,Dalton Hardy,Branden Barrera,"Oct 12, 2024",185
291,Anne Daugherty,Zelda Weaver,"Oct 7, 2025",134
292,Hashim Dillon,Oren Ford,"May 23, 2025",173
293,Flynn Shaffer,Brian Clark,"Aug 9, 2025",81
294,Igor Mendez,Ali Rodriquez,"Oct 24, 2025",101
295,Harding Huffman,Clementine Moon,"Aug 22, 2025",334
296,Jeremy Sherman,Malachi Waters,"Nov 11, 2024",268
297,Hayfa Cooke,Gil Dawson,"Jun 14, 2025",85
298,Shelly Puckett,Darryl Witt,"Sep 23, 2024",370
299,Anastasia Abbott,Jesse Gallagher,"May 1, 2024",189
300,Vivien Collins,Barclay Collier,"Jan 2, 2025",366
301,Ori Rojas,Dante Wooten,"Mar 4, 2025",201
302,Shannon Levy,Nathaniel Lara,"Nov 26, 2025",316
303,Kay Maldonado,Marsden Dean,"Nov 2, 2025",142
304,Mohammad Delaney,Ezekiel Ashley,"Mar 28, 2026",385
305,Oscar English,Cullen Frederick,"Dec 13, 2025",219
306,Alvin Mathis,Dane Beard,"Apr 21, 2024",198
307,Catherine Vinson,Jada Rosales,"May 5, 2024",225
308,Lydia Riley,Flynn Richards,"Sep 20, 2024",95
309,Robert Rowland,Lester Rios,"Dec 28, 2025",24
310,Amal Diaz,Uta Hudson,"Aug 6, 2025",341
311,Oscar Mccarthy,Armand Nieves,"Jan 25, 2026",20
312,Candace Cortez,Ruby Mosley,"Oct 24, 2024",158
313,Melissa Stanley,Gay Meyer,"Sep 20, 2024",3
314,Adrian Humphrey,Jin Chaney,"Jan 22, 2026",243
315,Georgia Russo,Gray Waters,"Oct 14, 2025",373
316,Ainsley Stephenson,Montana Fitzgerald,"Mar 23, 2026",285
317,Julian Molina,Olympia Nielsen,"Aug 21, 2025",362
318,Dorian Bird,Wendy Patterson,"Mar 5, 2026",43
319,Melvin Gallegos,Leonard Buck,"Jan 15, 2026",367
320,Zephr Pacheco,Riley Roberson,"Nov 2, 2025",360
321,Jolie Jensen,Amity Gonzales,"Sep 25, 2025",179
322,Maite Foreman,Damian Warren,"Jan 24, 2026",391
323,Uriel Ayala,Kasper Sharpe,"Nov 12, 2024",209
324,Nola Rowland,Yardley Ortiz,"Jan 2, 2026",207
325,Ina Mcdaniel,Lyle Park,"May 22, 2025",218
326,Mason Bates,Hilda Powers,"Feb 17, 2025",121
327,Patrick Rice,Fay Wheeler,"Jan 5, 2025",88
328,Tamara Carrillo,Carly O'connor,"May 14, 2025",42
329,Garrison Melendez,Gage Patterson,"Aug 21, 2025",364
330,Lara Atkins,Jared Mcfadden,"Mar 16, 2025",348
331,Georgia Morse,Daquan Clemons,"Mar 27, 2026",359
332,Xander Greene,Cairo Bryant,"Sep 15, 2025",186
333,Gray Atkins,Bert Dean,"Nov 8, 2025",240
334,Susan Smith,Akeem Houston,"Jan 6, 2025",86
335,Amber Hopkins,Tamara Cooke,"Nov 11, 2025",217
336,Lana Macias,Tana Cunningham,"Nov 16, 2024",249
337,Keith Bowman,Clementine Travis,"Mar 4, 2026",133
338,Naida Nichols,Shaine Curtis,"Jan 16, 2025",35
339,Imani Rios,Maile Cochran,"Aug 25, 2024",66
340,Karen Chambers,Clio Sawyer,"Jan 11, 2026",338
341,Harriet Spence,Stephanie Mcbride,"May 2, 2024",351
342,Acton Stone,Alfreda Weber,"Sep 22, 2024",112
343,Herrod Sellers,Pascale Griffith,"Aug 6, 2025",249
344,Ralph Wise,Steel Jimenez,"Jan 28, 2025",374
345,Asher Farmer,Ifeoma Duran,"Aug 12, 2024",147
346,Allegra Hickman,Mechelle Byrd,"Dec 6, 2024",360
347,Quinlan Bass,Uriel O'Neill,"Oct 31, 2024",194
348,Lila Watts,Hyacinth Mullins,"Dec 24, 2025",347
349,Kareem Guy,Bethany Conley,"Apr 1, 2024",329
350,Wylie Ellis,Jack Decker,"Sep 22, 2024",257
351,Quynn Hess,Lewis Olson,"May 21, 2024",218
352,Courtney Gordon,Jerome Dyer,"Aug 17, 2025",264
353,Mannix Bolton,Lane Mejia,"Mar 22, 2026",157
354,Demetria Freeman,Wayne Eaton,"Feb 16, 2025",129
355,Halee Levy,Colette Weeks,"Dec 12, 2025",206
356,Freya O'donnell,Martha Ochoa,"Oct 24, 2025",138
357,Rama Hinton,Regina Roberson,"Mar 7, 2026",342
358,Cassady Britt,Quyn Bishop,"May 26, 2024",77
359,Aladdin Ward,Cruz Melendez,"Mar 15, 2026",224
360,Moses Holder,Aladdin Schmidt,"Apr 2, 2025",296
361,Cody Schneider,Samuel Mckee,"May 28, 2025",242
362,Azalia Delgado,Whilemina Gonzales,"Mar 22, 2026",223
363,Chaim Talley,Ima Simpson,"May 5, 2025",332
364,Clinton Wilcox,Jonah Higgins,"Nov 10, 2024",385
365,Benjamin Butler,Oleg Gonzalez,"Jun 30, 2024",75
366,Colleen Clemons,Amery Schwartz,"May 5, 2025",285
367,Tarik Middleton,Yardley Mccarthy,"Dec 10, 2025",80
368,Avye Atkins,Brendan French,"Feb 11, 2026",141
369,Herman Mathews,Charles Rich,"Dec 23, 2025",350
370,Harlan Carter,Alfonso Mendez,"Feb 18, 2026",143
371,Salvador Hubbard,Amaya Charles,"May 2, 2025",324
372,Kelly Gregory,Madeson Gill,"Nov 17, 2025",195
373,Nina Allison,Plato Bolton,"Jul 15, 2025",324
374,Melyssa Graham,Stacy Houston,"May 5, 2024",217
375,Dieter Warren,Candace Ratliff,"Oct 28, 2024",83
376,Jessamine Hubbard,Cameron Moreno,"Dec 19, 2025",394
377,Roanna Mathis,Martin Grant,"Oct 11, 2024",1
378,Carol Conway,Whitney Mosley,"Mar 6, 2025",108
379,Cadman Graham,Colby Page,"Oct 22, 2025",89
380,Lee Sanchez,Lysandra Lindsay,"Feb 10, 2025",222
381,Gray Strong,Sybil Chandler,"Apr 30, 2025",4
382,Jasmine Cantrell,Lillian Faulkner,"Aug 3, 2024",196
383,Kenneth Andrews,Cara Thompson,"Oct 12, 2025",176
384,Hu Crane,Marah Gonzales,"Feb 27, 2026",366
385,Christopher Ewing,Tarik Gonzales,"Oct 14, 2024",152
386,Skyler Douglas,Kirk Atkins,"Nov 12, 2024",4
387,Jacob Mckinney,Glenna Dotson,"Mar 1, 2025",254
388,Preston Burnett,Sonia Pope,"Jun 24, 2024",155
389,Derek Pearson,India Maddox,"Dec 4, 2025",270
390,Renee Rodgers,Channing Raymond,"Nov 15, 2025",373
391,Oprah Young,Hoyt Mcfadden,"May 5, 2024",219
392,Hilel Macias,Colin Winters,"Jan 20, 2026",41
393,Willa Manning,Lael Goodwin,"Jun 28, 2024",343
394,Rhonda Salinas,Yetta Ferrell,"Jan 15, 2025",198
395,Fulton Gardner,Cullen Cannon,"Feb 17, 2026",147
396,Shannon Estrada,Graiden Parsons,"Jul 12, 2025",15
397,Sara Patel,Brandon Mccormick,"Apr 30, 2025",296
398,Arthur Fowler,Graham Gallegos,"Apr 5, 2025",94
399,Karina Robles,Trevor Ferrell,"Aug 15, 2024",367
400,Gavin Kirby,Hakeem Howard,"Jan 16, 2025",355
