VenueID,VenueName,Location,Capacity
1,Brown-Sexton,North Joshua,22894
2,Torres PLC,Paulton,40581
3,Robles-Prince,Michaelborough,5958
4,Campbell Inc,Evanside,16633
5,Prince-Lewis,East Travis,47744
6,Hayes Inc,South Connor,16394
7,"Griffin, Thomas and Moore",New David,7064
8,"Vincent, Chung and Lambert",South Robertmouth,25132
9,"Fitzgerald, Garrison and Henderson",Karaport,49774
10,Bryant-Nguyen,East Aaron,18585
11,Nguyen PLC,Alexanderville,5395
12,Lopez PLC,Richardville,37330
13,"Dennis, Fuentes and Rosales",New Lisa,12510
14,Ortiz and Sons,West Gregoryside,31287
15,"Baker, Martinez and Powell",Kimberlystad,34020
16,Ramos LLC,Thomasberg,19236
17,Roberts-Pollard,Mortonborough,7651
18,"Harris, Edwards and Ortega",Lake Rebecca,47711
19,"Fisher, Moore and Peters",West Caitlinfurt,1341
20,"Pearson, Mccann and Buchanan",Lauratown,27216
21,"Barnes, Griffin and Smith",West Chase,19294
22,"Sexton, Schultz and Little",South Davidbury,18795
23,"Mendoza, Contreras and Adams",New Joshuaborough,28658
24,Murray LLC,Ericton,41718
25,Allen LLC,Raytown,12108
26,Ashley-Martinez,New Elizabeth,11562
27,"Watson, Smith and Castro",Lake Robertland,5461
28,"Floyd, Ray and Krueger",Mariafurt,4767
29,Henry LLC,Port Paulfort,4266
30,"Jones, Johnson and Braun",South Shannon,16499
31,"Cooper, Pham and Reyes",Larryburgh,20508
32,Glass-Mcdonald,Alvarezbury,9549
33,Baker Inc,Hesterchester,32473
34,"Miller, Gray and Cox",Christieland,20670
35,Stein-Nicholson,East Jane,8844
36,Wright Ltd,Michelleport,40999
37,Woodward Ltd,Smithton,44468
38,"Franklin, Romero and Arroyo",South James,2401
39,Garcia-Shaw,Joshuamouth,21072
40,Wright-Mcdowell,West Dylanshire,37973
41,Brown Inc,Lewistown,29484
42,Jackson Ltd,Port Amy,32422
43,Lawrence Group,Jameschester,32302
44,Jarvis-Smith,North Jeremy,30028
45,Ramirez-Perez,Aaronside,26330
46,Vasquez PLC,South Mollyberg,26170
47,Peterson Inc,New John,15304
48,Nelson LLC,Michaelfurt,40247
49,Mcmillan and Sons,Port Ann,20572
50,"Martin, Doyle and Griffith",Mitchellshire,30187
51,Griffin-Walker,Karenberg,41950
52,Melendez-Keller,West Miranda,3585
53,Howell-Ray,West Omarborough,42769
54,Long Group,New Isaiah,11242
55,"Ortiz, Gibson and Hamilton",North Cynthiabury,25934
56,Sharp-Mckay,West Amberview,27143
57,Garcia Inc,Joshuahaven,5222
58,Gomez-Ruiz,Lake Carlosfurt,10723
59,Watts Inc,North Tiffany,48800
60,"Navarro, Browning and Howell",New Curtis,30323
61,"Sloan, Bonilla and Chavez",Mitchellport,19098
62,Evans Inc,Jacksonfort,16864
63,Bailey-Williams,Kellystad,26798
64,Miller PLC,Ginaton,20914
65,Chambers Group,New Nathan,11347
66,Fields-Wallace,North Saraside,25530
67,Mendez LLC,Ericshire,42206
68,"Smith, Berry and Aguilar",Goodmanborough,39016
69,"Lucas, Hensley and Graham",Ambermouth,8279
70,Richmond-Johnson,Port Garybury,8261
71,"Garcia, Taylor and Sanchez",Andersonfort,48081
72,Gonzalez Inc,Kevinview,30707
73,"Roberts, Pugh and Davidson",Edwardview,30467
74,"Gray, Nguyen and Bryant",Ashleymouth,3709
75,Mitchell PLC,Martinbury,45411
76,Price Ltd,New Ashleyview,27703
77,Olsen-Barker,North Edward,5549
78,"Johnson, Gomez and Santos",Carrburgh,12492
79,Barnes LLC,East Jessicafurt,7808
80,"Roberts, Ortega and Brown",Lake Nicolefurt,33450
81,Howard-Jackson,Jaredville,25237
82,Pierce Ltd,Joseberg,27514
83,Hunt-Stokes,Terryfort,24253
84,"Porter, Payne and Aguilar",Brandonchester,48639
85,Conley Group,Jenniferville,10892
86,Armstrong LLC,West Madison,19364
87,"Scott, Ramirez and Duarte",North Randyland,41354
88,Hall Group,East Vicki,15085
89,"Johnson, Harris and French",Port Jeffreyville,43501
90,Payne Ltd,Doyleland,31016
91,Walters Group,East Dustin,45934
92,Garcia Group,New Brandonton,35627
93,Avila-Phillips,Kimberg,46955
94,Medina-Mays,Port Victoriachester,3834
95,Frost-James,Port Jackiebury,20299
96,Young Group,East Sandraberg,4157
97,Cruz-Hernandez,Richardbury,13108
98,Rose Group,Lake James,36932
99,"Gonzales, Cisneros and Jackson",Claireside,9171
100,Martinez-Williams,Cortezland,6490
101,King-Butler,Garrisonport,3569
102,"Dudley, Jones and Griffin",South Hannah,707
103,Smith Group,Rothmouth,29953
104,Fitzpatrick-Griffin,Rothtown,37242
105,Brown and Sons,New Jamestown,9430
106,"Tyler, Hardy and Taylor",Mitchellville,34003
107,Hebert LLC,East Samuel,2829
108,"Rodriguez, Clayton and Brown",Phelpsside,23796
109,Williams-Garcia,Brownchester,33563
110,Davis LLC,Cookchester,27400
111,Nguyen LLC,Campbelltown,6399
112,"Munoz, Bush and Salazar",West Erinburgh,18749
113,Bryant-Rodriguez,Henryfurt,13936
114,"Alvarez, Martin and Hernandez",Walterton,21081
115,Perez Inc,Jeffreystad,49847
116,Larsen-Edwards,Miguelport,3669
117,Mcintosh-Velasquez,New Annetteside,5669
118,Wilson and Sons,Lake Joseph,45725
119,"Dickerson, Arnold and Dennis",North Eduardo,1890
120,Berry LLC,Christinaview,11541
121,Santos-Meyers,Port Lesliehaven,18881
122,"Rojas, Leblanc and Carroll",Carrieview,20442
123,Cook-Arnold,Lake Lisaland,41017
124,Barber LLC,East Matthewside,15497
125,Sanchez Ltd,New Jason,25966
126,"Martin, Mitchell and Holt",Sandovalhaven,17689
127,"Dean, Miles and Owens",North Melissa,36702
128,Mendoza-Fisher,North Mercedes,2527
129,Johnson Group,Hollandhaven,45021
130,Powell Group,Greenshire,16066
131,Davis-Riley,Port Debra,30095
132,"Wallace, Johnson and Avila",Ramirezberg,14351
133,"Davis, Steele and Garcia",Port Rachelton,23494
134,Edwards-Cummings,Jameston,23962
135,Cisneros PLC,Lake Daniellemouth,38941
136,Jenkins Ltd,West Kelli,9193
137,"Walker, Sawyer and Thomas",Port Jonathan,3735
138,Bird-Lee,Port Kristintown,43359
139,Mccarthy PLC,North Ryanstad,21945
140,Adams Inc,West Jonathan,42529
141,Harris LLC,Esparzaville,26332
142,"Mcguire, Mcintosh and Mcconnell",New Billy,21250
143,Long LLC,Meyerhaven,11293
144,Clark-Sheppard,East Matthewfort,11955
145,"Robertson, Burch and Porter",Prestonport,19248
146,Carter and Sons,Sarahport,10252
147,Wilkinson-Nguyen,West Timothy,7263
148,Cooper-Reynolds,North Bryanborough,23034
149,Wilkins-Kelly,South Nicholasville,25801
150,Mills PLC,South Charlesberg,12490
151,Fox Group,North Vanessa,47870
152,"Myers, Sampson and Lester",North Charlesshire,15353
153,Braun-Stewart,Justinville,43472
154,Mccullough-Jones,New Matthewberg,16968
155,Russell-Freeman,Kimberlybury,41163
156,Dunn LLC,New David,30048
157,"Brown, Dawson and Callahan",South Christopher,14264
158,Fischer Inc,Andrewsbury,47711
159,Rogers-Gould,North Michael,18094
160,"Hawkins, Rowe and Jackson",Richardhaven,11848
161,Lewis Group,Dylanburgh,16212
162,Aguilar-Robinson,Andrewton,35657
163,"Cardenas, Lynch and Hernandez",Port Laurastad,11900
164,Johnson-Burns,West Lauraburgh,26764
165,Mitchell Group,Jenniferfort,971
166,Kelly LLC,Gomezton,47077
167,Jackson PLC,Lake Kevin,45551
168,Christian Group,Stephanieport,7625
169,Smith-Rubio,Lake Tracy,24355
170,Adams-Lara,Port Jasminechester,29284
171,Mcguire-Cooper,New Christopher,38335
172,"Guzman, Williams and Jones",Lake Richardburgh,7843
173,"House, Smith and Howell",Lake Heather,4129
174,Hood LLC,Burkemouth,32866
175,"Perkins, Smith and Clark",Jimmyton,32571
176,"Hughes, Jones and Wilson",South Crystalport,31103
177,Smith-Rodriguez,New Jenniferfort,8610
178,"Holmes, Wagner and Ramirez",East Susanland,31868
179,Adkins-Merritt,Franklinton,25332
180,King-Anderson,East Davidview,20173
181,Morales-Boyd,Port Michael,23095
182,Barr Group,East Taylorfort,44468
183,Hines-Vincent,New Charlestown,36565
184,"Molina, Jackson and Baker",Port Aaron,9176
185,Smith-Rodriguez,Port Sherryburgh,47208
186,Parks Inc,Larastad,45990
187,"Marquez, Hamilton and Bush",Meyerstown,8443
188,"Sheppard, Doyle and Phillips",Lake Mathew,35127
189,Martinez Group,Port Dustin,44677
190,Williams-Beard,Lake Jennifer,9159
191,Perez Inc,East Todd,30291
192,Beck Ltd,Walkerburgh,37587
193,Wheeler Inc,Danielshire,11139
194,Simpson and Sons,Stevenview,41644
195,Taylor-Ramirez,Wrightton,13411
196,"Walker, Smith and Green",West Marymouth,40299
197,"Garcia, Smith and Steele",West Victoriafort,47314
198,"Spence, Norris and Perez",Pittsmouth,32585
199,Jenkins LLC,North Joshuafort,4816
200,"Smith, Moore and Ramirez",Lake Jamesland,29961
201,Peters Group,North Maryland,49001
202,Rose-Williams,Charlesbury,45226
203,Flores Ltd,East Ralph,25759
204,"Prince, Andrews and Mosley",South Ambermouth,32588
205,Jackson PLC,Samuelshire,21092
206,Palmer-Lewis,Penatown,27863
207,"Jones, Tucker and Cantrell",North Dennismouth,1531
208,White-Foster,Lake Walterville,44188
209,Grant and Sons,Joseview,31084
210,Gutierrez Ltd,Keithchester,8873
211,"Henderson, Williams and Wilson",Johnsonland,9034
212,"Chase, Douglas and Rowland",South Hectormouth,45163
213,"Jimenez, Matthews and Whitney",Lake Audreyville,5593
214,"Robinson, Williams and Williams",Samanthahaven,5112
215,Kim-Burke,West Charles,33643
216,Malone-Stephens,Kiddbury,1988
217,Benitez Group,Michaelshire,29551
218,"Watson, Hernandez and Soto",West Ashleyfurt,2152
219,"Joseph, Curry and Anderson",Timothyville,29831
220,"Cox, Miller and Compton",Allenfurt,47039
221,Murray-Keith,Thompsonville,23421
222,Davis-Hall,Dorothymouth,41025
223,"Alvarez, Baker and Zamora",Elizabethberg,37832
224,Leonard-Arnold,North Sylvia,39906
225,Curry Group,Ortizfort,25614
226,Ellis-Henderson,Lake Elizabeth,33554
227,"Ortiz, Kent and Reyes",New Melissa,22620
228,"Jackson, Hatfield and Wong",Port Patrick,45218
229,"Hartman, Nicholson and Davis",Clarkhaven,28451
230,Davis-Brown,Mariahstad,1541
231,Doyle-Willis,Annmouth,11663
232,Davidson Group,Melanieview,42692
233,Dennis LLC,New Lindamouth,9146
234,Hudson-Garrett,South John,38486
235,Matthews Group,Moorehaven,27331
236,"Garcia, Henderson and Hernandez",New Michael,6658
237,Hall-Harrison,Brianside,8196
238,"Tucker, Adkins and Stone",Torresburgh,35017
239,"Joseph, Riley and Williams",Benjaminmouth,47093
240,"Sampson, Prince and Clark",Ashleyborough,11702
241,"Johnston, Clark and Skinner",New Haydenmouth,44752
242,"Johnson, Valencia and Terry",East Nathan,8945
243,"Stewart, Rivera and Collins",Port Gloria,6075
244,Hudson-Gallagher,West Justinbury,11054
245,Martin-Robbins,Barberfurt,38300
246,"Lee, Ramirez and Lewis",Terribury,27570
247,Jones and Sons,West Brady,29177
248,Price and Sons,Diazchester,18508
249,Harris PLC,South Brandonville,15733
250,Johnson-Johnston,Susanstad,19298
251,"Stewart, White and Miller",Michaelbury,37958
252,Butler-Rowe,Holtport,22351
253,Berger-Richmond,Jacksonmouth,43732
254,Winters-Blake,Lake Frankhaven,49980
255,Davis-Sanchez,North Corey,40934
256,Clark PLC,Westmouth,29549
257,Baker-Clark,New Kari,35267
258,"Santiago, Morgan and Barnes",Jonesport,19312
259,"Wilkerson, Wilson and Hernandez",Miguelberg,30279
260,Gonzales Ltd,Charlesberg,31057
261,Greer Group,East Adrianatown,28414
262,"Curtis, Medina and Hall",Wilkinsmouth,9599
263,"Salazar, Hill and Mendoza",New Rachelberg,9672
264,Fuentes Inc,Caitlinland,2170
265,Hunter-Escobar,Port Joyfort,15197
266,Hunter-Davenport,Wallaceborough,17902
267,Fowler LLC,Brianshire,16394
268,"Lewis, Mayer and Hall",Justinfurt,30001
269,Williams-Kelly,North Christianland,2395
270,Cohen Group,Joelton,41361
271,"Garrison, Byrd and Russell",Annetteborough,19453
272,"Weber, George and Conley",Christinaside,48180
273,Taylor and Sons,South Kevin,48243
274,Garcia-Dunn,Williamsborough,6125
275,Black-Harper,North Rebecca,37562
276,"Ward, Turner and Singh",North Victoria,10975
277,Marsh and Sons,Lake Douglasside,45843
278,Pittman-Fowler,New Cheryl,2104
279,Navarro Ltd,Clarkville,5662
280,Edwards-Green,Robertsview,12205
281,Cole-Scott,Jacobton,4282
282,Greene PLC,Thompsonfurt,31926
283,"Hester, Ramirez and Cortez",North Maria,49084
284,"Bullock, Henry and Simmons",North Steventon,31725
285,Arnold-Sanchez,East Jason,11669
286,"Deleon, Smith and Khan",Melissastad,7865
287,"Lopez, Harrison and Dixon",Leahside,16201
288,Williams Group,East Juliehaven,33110
289,Floyd-Lindsey,South Connor,42951
290,Rivera-Cook,East Aliciafurt,29011
291,George Ltd,Port Jacob,1146
292,Hunter LLC,Port Emilyberg,24811
293,Booth-Summers,Pageshire,12246
294,Deleon-Cooper,Eileenhaven,34342
295,Hamilton-Osborne,North Jimhaven,29974
296,Sharp-Dudley,Sharifurt,44019
297,Campbell-Pitts,New Eugeneport,28353
298,"Salazar, Gardner and Cherry",New Todd,12945
299,Travis Group,East Samantha,13582
300,Lopez Group,Brooksville,35414
301,"Riley, Andrews and Kidd",South Markmouth,14192
302,Brewer-Robinson,Port Nathanland,43751
303,Cooper Ltd,North William,22910
304,"Park, Jones and Love",Tanyachester,4744
305,"Monroe, Howard and Schmitt",Heathershire,32829
306,Collins-Bell,Gregorymouth,16575
307,Moyer and Sons,Jacobland,17919
308,White-Wise,Martinville,23345
309,"Moore, Love and Potter",Townsendside,27082
310,Greene Inc,East Reginamouth,23669
311,"Wade, Buck and Preston",Hillhaven,37484
312,Morales PLC,East Jessica,27663
313,Salazar Ltd,Cabreraberg,22438
314,Thomas and Sons,West Courtneyport,19360
315,Blankenship PLC,North Dale,5917
316,Camacho-Taylor,East Erintown,25496
317,Lee LLC,Johnsonfort,30614
318,Young-Hancock,Reedton,10025
319,Salazar-Werner,West Anthony,27387
320,Jones LLC,South Claytonton,11438
321,"Sanchez, Barnes and Small",Parkerborough,45880
322,Frazier-Garcia,Sarahbury,22433
323,Jones-Grant,East Staceyshire,29997
324,"Bennett, Ramirez and Arnold",New Debra,46448
325,"Espinoza, Bridges and Clark",Suzannehaven,10166
326,Roth-Roberts,East Jessicabury,13965
327,Oliver Group,West Kristi,45524
328,Snyder Inc,West Ginatown,2799
329,"Guerrero, Powell and Owens",Lake Melissa,40451
330,Gregory-Ellis,East Beth,44615
331,"Johnson, Robinson and Webster",Nathanland,42450
332,Parker-Hoover,Steventown,46885
333,Harris-Schmitt,Kennedyfort,2969
334,"Robertson, Anderson and Mitchell",West Kevin,6954
335,Lindsey-Li,Port Rachelport,28998
336,Huff Ltd,Summersmouth,13045
337,Harrington-Martin,Johnstonmouth,33128
338,"Olson, Mosley and Osborne",New Alexisville,42945
339,Gonzalez LLC,South Ariel,37105
340,Dudley-Villanueva,Port Carolynville,46942
341,Stevenson-Smith,North Kaylaland,32648
342,Washington-Young,Danielview,29492
343,Harris-Hickman,Lake Tammyburgh,23903
344,"Guerra, Stevens and Nelson",Millerland,28951
345,Williams and Sons,West Deborahchester,11049
346,Hunter Group,Whitakermouth,48732
347,Sullivan Ltd,Sarahbury,33950
348,Preston-Mcintyre,North Joshuaview,19103
349,Brooks Group,Lake Mark,25334
350,Jones Inc,Williamsonmouth,45029
351,Perez Inc,Anthonyfort,11756
352,"Casey, Alvarez and Lucas",South Tinaview,43229
353,"Porter, Davis and Mitchell",Rodriguezshire,48067
354,Gates and Sons,West Crystal,1831
355,"Campbell, Gentry and Gonzales",West Lisahaven,12330
356,Jackson Ltd,Colemanborough,17270
357,Morris LLC,Hebertmouth,44647
358,"Ho, Mccann and Gutierrez",East Nicole,42223
359,Lopez-Mcneil,Lake Richard,36461
360,"Davis, Duncan and Simpson",East Crystalstad,11555
361,Martinez and Sons,Quinnmouth,14136
362,"Bell, Marshall and Acevedo",Derekmouth,42699
363,Howell-Hernandez,Mirandaburgh,20047
364,Hubbard Ltd,Davidburgh,49505
365,Patel LLC,Smithstad,28885
366,Patterson-Sloan,Annahaven,5940
367,"Costa, Murray and Waters",Chavezmouth,46531
368,Kennedy Group,Robertstad,43580
369,King and Sons,New Cameron,32489
370,Mcfarland and Sons,West Melissachester,48387
371,Lawrence-Obrien,Nguyentown,49675
372,"Allen, Lopez and Gomez",Ruizbury,16106
373,Phillips Inc,West Alvinmouth,916
374,Brock PLC,Davisfort,17766
375,Rosales PLC,Lawsonhaven,2751
376,Oconnor and Sons,Suzanneside,10322
377,Chavez LLC,North Sandra,23431
378,Brock Inc,Youngland,617
379,Stevens Ltd,Port Dylanchester,4331
380,Smith-Beck,Nicoleton,34939
381,Simmons Inc,Terrihaven,27220
382,"Osborn, Collins and Patton",Jennifershire,16259
383,Olson-Gardner,Port Laura,34959
384,"Walsh, Kim and White",Robertland,21035
385,Johnson-Compton,Hughesburgh,47171
386,"Fritz, Diaz and Bridges",Johnmouth,23787
387,"Martinez, Miller and Villanueva",East Nicolehaven,18175
388,Martin and Sons,Chambersfurt,28882
389,Anderson-Mendoza,Port Katherine,32596
390,Dean-Blair,Davishaven,20807
391,"Jackson, Griffin and Lewis",South Patricia,28366
392,Reyes-Estrada,Lake Mercedes,18057
393,"Mcclain, Bailey and Sanchez",Georgemouth,23918
394,Riley Group,Lake Brianside,1695
395,Patel PLC,Aaronville,38992
396,"Rosales, Morales and Thompson",South Benjamin,22193
397,Hall-Graves,Mooneystad,28289
398,Munoz-Nelson,Heidibury,36099
399,Gray Group,Port Krystaltown,33326
400,"Reynolds, Jennings and Cook",South Jamesberg,32873
